ID,SKU,Images
409065,CS-110-4022,https://inspiry.co.nz/wp-content/uploads/2020/11/Inspiry_Logo-transparent-1.png
424297,CS-117-13041,https://inspiry.co.nz/wp-content/uploads/2020/11/Inspiry_Logo-transparent-1.png
409073,CS-110-2007,https://inspiry.co.nz/wp-content/uploads/2020/11/Inspiry_Logo-transparent-1.png
424298,CS-117-13042,https://inspiry.co.nz/wp-content/uploads/2020/11/Inspiry_Logo-transparent-1.png
424323,CS-117-4012,https://inspiry.co.nz/wp-content/uploads/2020/11/Inspiry_Logo-transparent-1.png
424324,CS-117-4011,https://inspiry.co.nz/wp-content/uploads/2020/11/Inspiry_Logo-transparent-1.png
424299,CS-117-12038,https://inspiry.co.nz/wp-content/uploads/2020/11/Inspiry_Logo-transparent-1.png
424327,CS-117-3008,https://inspiry.co.nz/wp-content/uploads/2020/11/Inspiry_Logo-transparent-1.png
424326,CS-117-3009,https://inspiry.co.nz/wp-content/uploads/2020/11/Inspiry_Logo-transparent-1.png
424325,CS-117-3007,https://inspiry.co.nz/wp-content/uploads/2020/11/Inspiry_Logo-transparent-1.png
424322,CS-117-4010,https://inspiry.co.nz/wp-content/uploads/2020/11/Inspiry_Logo-transparent-1.png
424296,CS-117-13040,https://inspiry.co.nz/wp-content/uploads/2020/11/Inspiry_Logo-transparent-1.png
424328,CS-117-3006,https://inspiry.co.nz/wp-content/uploads/2020/11/Inspiry_Logo-transparent-1.png
424316,CS-117-6018,https://inspiry.co.nz/wp-content/uploads/2020/11/Inspiry_Logo-transparent-1.png
424317,CS-117-6019,https://inspiry.co.nz/wp-content/uploads/2020/11/Inspiry_Logo-transparent-1.png
424315,CS-117-6016,https://inspiry.co.nz/wp-content/uploads/2020/11/Inspiry_Logo-transparent-1.png
424294,CS-117-14045,https://inspiry.co.nz/wp-content/uploads/2020/11/Inspiry_Logo-transparent-1.png
424293,CS-117-14044,https://inspiry.co.nz/wp-content/uploads/2020/11/Inspiry_Logo-transparent-1.png
424295,CS-117-14046,https://inspiry.co.nz/wp-content/uploads/2020/11/Inspiry_Logo-transparent-1.png
424306,CS-117-11034,https://inspiry.co.nz/wp-content/uploads/2020/11/Inspiry_Logo-transparent-1.png
424303,CS-117-11033,https://inspiry.co.nz/wp-content/uploads/2020/11/Inspiry_Logo-transparent-1.png
424292,CS-117-14043,https://inspiry.co.nz/wp-content/uploads/2020/11/Inspiry_Logo-transparent-1.png
424309,CS-117-10031,https://inspiry.co.nz/wp-content/uploads/2020/11/Inspiry_Logo-transparent-1.png
424310,CS-117-10029,https://inspiry.co.nz/wp-content/uploads/2020/11/Inspiry_Logo-transparent-1.png
421220,CS-115-6018,https://inspiry.co.nz/wp-content/uploads/2020/11/Inspiry_Logo-transparent-1.png
424331,CS-117-1004,https://inspiry.co.nz/wp-content/uploads/2020/11/Inspiry_Logo-transparent-1.png
424330,CS-117-1003,https://inspiry.co.nz/wp-content/uploads/2020/11/Inspiry_Logo-transparent-1.png
424337,CS-117-8022,https://inspiry.co.nz/wp-content/uploads/2020/11/Inspiry_Logo-transparent-1.png
424341,CS-117-8021,https://inspiry.co.nz/wp-content/uploads/2020/11/Inspiry_Logo-transparent-1.png
424312,CS-117-9026,https://inspiry.co.nz/wp-content/uploads/2020/11/Inspiry_Logo-transparent-1.png
424313,CS-117-9027,https://inspiry.co.nz/wp-content/uploads/2020/11/Inspiry_Logo-transparent-1.png
424311,CS-117-9025,https://inspiry.co.nz/wp-content/uploads/2020/11/Inspiry_Logo-transparent-1.png
424321,CS-117-5013,https://inspiry.co.nz/wp-content/uploads/2020/11/Inspiry_Logo-transparent-1.png
