ID,SKU,Name,Published,Images
421251,ENG-6205,Engblad & Co Wallpaper Lines Large - Turquoise,0,https://inspiry.co.nz/wp-content/uploads/2021/06/ENG-6205.png
421252,ENG-6206,Engblad & Co Wallpaper Lines Large - Green,0,https://inspiry.co.nz/wp-content/uploads/2021/06/ENG-6206.png
421253,ENG-6207,Engblad & Co Wallpaper Lines Large - Natural,0,https://inspiry.co.nz/wp-content/uploads/2021/06/ENG-6207.png
421254,ENG-6208,Engblad & Co Wallpaper Lines Large - Brown,0,https://inspiry.co.nz/wp-content/uploads/2021/06/ENG-6208.png
421255,ENG-6214,Engblad & Co Wallpaper Brush Large - Green,0,https://inspiry.co.nz/wp-content/uploads/2021/06/ENG-6214.png
421256,ENG-6215,Engblad & Co Wallpaper Brush Large - Grey,0,https://inspiry.co.nz/wp-content/uploads/2021/06/ENG-6215.png
421257,ENG-6216,Engblad & Co Wallpaper Brush Large - Brown,0,https://inspiry.co.nz/wp-content/uploads/2021/06/ENG-6216.png
421258,ENG-6217,Engblad & Co Wallpaper Brush Medium - Green,0,https://inspiry.co.nz/wp-content/uploads/2021/06/ENG-6217.png
421259,ENG-6218,Engblad & Co Wallpaper Brush Medium - Grey,0,https://inspiry.co.nz/wp-content/uploads/2021/06/ENG-6218.png
421260,ENG-6219,Engblad & Co Wallpaper Brush Medium - Brown,0,https://inspiry.co.nz/wp-content/uploads/2021/06/ENG-6219.png
421261,ENG-6213,Engblad & Co Wallpaper Canvas - Brown,0,https://inspiry.co.nz/wp-content/uploads/2021/06/ENG-6213.png
421262,ENG-6209,Engblad & Co Wallpaper Canvas - Green,0,https://inspiry.co.nz/wp-content/uploads/2021/06/ENG-6209.png
421263,ENG-6211,Engblad & Co Wallpaper Canvas - Grey,0,https://inspiry.co.nz/wp-content/uploads/2021/06/ENG-6211.png
421264,ENG-6210,Engblad & Co Wallpaper Canvas - Pink,0,https://inspiry.co.nz/wp-content/uploads/2021/06/ENG-6210.png
421265,ENG-6212,Engblad & Co Wallpaper Canvas - Yellow,0,https://inspiry.co.nz/wp-content/uploads/2021/06/ENG-6212.png
421266,ENG-6223,Engblad & Co Wallpaper Knit Medium - Pink,0,https://inspiry.co.nz/wp-content/uploads/2021/06/ENG-6223.png
421267,ENG-6224,Engblad & Co Wallpaper Knit Medium - Grey,0,https://inspiry.co.nz/wp-content/uploads/2021/06/ENG-6224.png
421268,ENG-6225,Engblad & Co Wallpaper Knit Medium - Brown,0,https://inspiry.co.nz/wp-content/uploads/2021/06/ENG-6225.png
421269,ENG-6220,Engblad & Co Wallpaper Knit Small - Pink,0,https://inspiry.co.nz/wp-content/uploads/2021/06/ENG-6220.png
421270,ENG-6221,Engblad & Co Wallpaper Knit Small - Grey,0,https://inspiry.co.nz/wp-content/uploads/2021/06/ENG-6221.png
421271,ENG-6222,Engblad & Co Wallpaper Knit Small - Brown,0,https://inspiry.co.nz/wp-content/uploads/2021/06/ENG-6222.png
421272,ENG-6201,Engblad & Co Wallpaper Lines Small - Turquoise,0,https://inspiry.co.nz/wp-content/uploads/2021/06/ENG-6201.png
421273,ENG-6202,Engblad & Co Wallpaper Lines Small - Green,0,https://inspiry.co.nz/wp-content/uploads/2021/06/ENG-6202.png
421274,ENG-6203,Engblad & Co Wallpaper Lines Small - Natural,0,https://inspiry.co.nz/wp-content/uploads/2021/06/ENG-6203.png
421275,ENG-6204,Engblad & Co Wallpaper Lines Small - Brown,0,https://inspiry.co.nz/wp-content/uploads/2021/06/ENG-6204.png
421276,ENG-6226,Engblad & Co Wallpaper Weft - Brown,0,https://inspiry.co.nz/wp-content/uploads/2021/06/ENG-6226.png
421277,ENG-6227,Engblad & Co Wallpaper Weft - Yellow,0,https://inspiry.co.nz/wp-content/uploads/2021/06/ENG-6227.png
421278,ENG-6228,Engblad & Co Wallpaper Weft - Grey,0,https://inspiry.co.nz/wp-content/uploads/2021/06/ENG-6228.png
421279,ENG-6229,Engblad & Co Wallpaper Weft - Green,0,https://inspiry.co.nz/wp-content/uploads/2021/06/ENG-6229.png
421280,ENG-6230,Engblad & Co Wallpaper Weft - Turquoise,0,https://inspiry.co.nz/wp-content/uploads/2021/06/ENG-6230.png
421281,ENG-6469,Engblad & Co Wallpaper Bamboo Garden - Brown,0,https://inspiry.co.nz/wp-content/uploads/2021/06/ENG-6469.png
421282,ENG-6467,Engblad & Co Wallpaper Bamboo Garden - Green,0,https://inspiry.co.nz/wp-content/uploads/2021/06/ENG-6467.png
421283,ENG-6468,Engblad & Co Wallpaper Bamboo Garden - Beige,0,https://inspiry.co.nz/wp-content/uploads/2021/06/ENG-6468.png
421284,ENG-6470,Engblad & Co Wallpaper Bamboo Garden - Blue,0,https://inspiry.co.nz/wp-content/uploads/2021/06/ENG-6470.png
421285,ENG-6482,Engblad & Co Wallpaper Chevron Dots Brown & Beige,0,https://inspiry.co.nz/wp-content/uploads/2021/06/ENG-6482.png
421286,ENG-6485,Engblad & Co Wallpaper Chevron Dots Beige & White,0,https://inspiry.co.nz/wp-content/uploads/2021/06/ENG-6485.png
421287,ENG-6484,Engblad & Co Wallpaper Chevron Dots Brown & Beige & White,0,https://inspiry.co.nz/wp-content/uploads/2021/06/ENG-6484.png
421288,ENG-6452,Engblad & Co Wallpaper Desert Horizon - White & Black,0,https://inspiry.co.nz/wp-content/uploads/2021/06/ENG-6452.png
421289,ENG-6451,Engblad & Co Wallpaper Desert Horizon - Beige,0,https://inspiry.co.nz/wp-content/uploads/2021/06/ENG-6451.png
421290,ENG-6453,Engblad & Co Wallpaper Desert Horizon - Yellow Beige,0,https://inspiry.co.nz/wp-content/uploads/2021/06/ENG-6453.png
421291,ENG-6460,Engblad & Co Wallpaper Desert Stone - Beige & Black,0,https://inspiry.co.nz/wp-content/uploads/2021/06/ENG-6460.png
421292,ENG-6462,Engblad & Co Wallpaper Desert Stone - White & Black,0,https://inspiry.co.nz/wp-content/uploads/2021/06/ENG-6462.png
421293,ENG-6454,Engblad & Co Wallpaper Desert Wall - Brown & Beige,0,https://inspiry.co.nz/wp-content/uploads/2021/06/ENG-6454.png
421294,ENG-6455,Engblad & Co Wallpaper Desert Wall - Yellow & Pink & Brown & Beige,0,https://inspiry.co.nz/wp-content/uploads/2021/06/ENG-6455.png
421295,ENG-6456,Engblad & Co Wallpaper Desert Wall - Green & Beige,0,https://inspiry.co.nz/wp-content/uploads/2021/06/ENG-6456.png
421296,ENG-6457,Engblad & Co Wallpaper Desert Wall - Blue & Green,0,https://inspiry.co.nz/wp-content/uploads/2021/06/ENG-6457.png
421297,ENG-6458,Engblad & Co Wallpaper Desert Stone - Beige,0,https://inspiry.co.nz/wp-content/uploads/2021/06/ENG-6458.png
421298,ENG-6459,Engblad & Co Wallpaper Desert Stone - Brown,0,https://inspiry.co.nz/wp-content/uploads/2021/06/ENG-6459.png
421299,ENG-6461,Engblad & Co Wallpaper Desert Stone - Green,0,https://inspiry.co.nz/wp-content/uploads/2021/06/ENG-6461.png
421300,ENG-6478,Engblad & Co Wallpaper Geo Tribe - White & Black,0,https://inspiry.co.nz/wp-content/uploads/2021/06/ENG-6478.png
421301,ENG-6479,Engblad & Co Wallpaper Geo Tribe - Black,0,https://inspiry.co.nz/wp-content/uploads/2021/06/ENG-6479.png
421302,ENG-6480,Engblad & Co Wallpaper Geo Tribe - White,0,https://inspiry.co.nz/wp-content/uploads/2021/06/ENG-6480.png
421303,ENG-6481,Engblad & Co Wallpaper Geo Tribe - Yellow,0,https://inspiry.co.nz/wp-content/uploads/2021/06/ENG-6481.png
421304,ENG-6463,Engblad & Co Wallpaper Origin - Beige,0,https://inspiry.co.nz/wp-content/uploads/2021/06/ENG-6463.png
421305,ENG-6464,Engblad & Co Wallpaper Origin - Green,0,https://inspiry.co.nz/wp-content/uploads/2021/06/ENG-6464.png
421306,ENG-6465,Engblad & Co Wallpaper Origin - White & Black,0,https://inspiry.co.nz/wp-content/uploads/2021/06/ENG-6465.png
421307,ENG-6466,Engblad & Co Wallpaper Origin - Blue,0,https://inspiry.co.nz/wp-content/uploads/2021/06/ENG-6466.png
421308,ENG-6471,Engblad & Co Wallpaper Straw - Green,0,https://inspiry.co.nz/wp-content/uploads/2021/06/ENG-6471.png
421309,ENG-6472,Engblad & Co Wallpaper Straw - Beige,0,https://inspiry.co.nz/wp-content/uploads/2021/06/ENG-6472.png
421310,ENG-6473,Engblad & Co Wallpaper Straw - White,0,https://inspiry.co.nz/wp-content/uploads/2021/06/ENG-6473.png
421311,ENG-6474,Engblad & Co Wallpaper Tribe - Yellow & Red & Brown,0,https://inspiry.co.nz/wp-content/uploads/2021/06/ENG-6474.png
421312,ENG-6475,Engblad & Co Wallpaper Tribe - Brown & Beige,0,https://inspiry.co.nz/wp-content/uploads/2021/06/ENG-6475.png
421313,ENG-6476,Engblad & Co Wallpaper Tribe - Black,0,https://inspiry.co.nz/wp-content/uploads/2021/06/ENG-6476.png
421314,ENG-6477,Engblad & Co Wallpaper Tribe - White,0,https://inspiry.co.nz/wp-content/uploads/2021/06/ENG-6477.png
421315,ENG-6352,Engblad & Co Wallpaper Lounge Luxe - Pink,0,https://inspiry.co.nz/wp-content/uploads/2021/06/ENG-6352.png
421316,ENG-6375,Engblad & Co Wallpaper Ambassador - Natural,0,https://inspiry.co.nz/wp-content/uploads/2021/06/ENG-6375.png
421317,ENG-6376,Engblad & Co Wallpaper Ambassador - Orange,0,https://inspiry.co.nz/wp-content/uploads/2021/06/ENG-6376.png
421318,ENG-6377,Engblad & Co Wallpaper Ambassador - Turqouise,0,https://inspiry.co.nz/wp-content/uploads/2021/06/ENG-6377.png
421319,ENG-6361,Engblad & Co Wallpaper Claremont - Natural,0,https://inspiry.co.nz/wp-content/uploads/2021/06/ENG-6361.png
421320,ENG-6362,Engblad & Co Wallpaper Claremont - Copper,0,https://inspiry.co.nz/wp-content/uploads/2021/06/ENG-6362.png
421321,ENG-6363,Engblad & Co Wallpaper Claremont - Blue,0,https://inspiry.co.nz/wp-content/uploads/2021/06/ENG-6363.png
421322,ENG-6364,Engblad & Co Wallpaper Claremont - Green,0,https://inspiry.co.nz/wp-content/uploads/2021/06/ENG-6364.png
421323,ENG-6350,Engblad & Co Wallpaper Lounge Luxe - Blue,0,https://inspiry.co.nz/wp-content/uploads/2021/06/ENG-6350.png
421324,ENG-6351,Engblad & Co Wallpaper Lounge Luxe - Grey,0,https://inspiry.co.nz/wp-content/uploads/2021/06/ENG-6351.png
421325,ENG-6389,Engblad & Co Wallpaper Miramar Gold - Natural,0,https://inspiry.co.nz/wp-content/uploads/2021/06/ENG-6389.png
421326,ENG-6390,Engblad & Co Wallpaper Miramar Silver - Natural,0,https://inspiry.co.nz/wp-content/uploads/2021/06/ENG-6390.png
421327,ENG-6378,Engblad & Co Wallpaper Myfair - Green,0,https://inspiry.co.nz/wp-content/uploads/2021/06/ENG-6378.png
421328,ENG-6379,Engblad & Co Wallpaper Myfair - Yellow,0,https://inspiry.co.nz/wp-content/uploads/2021/06/ENG-6379.png
421329,ENG-6380,Engblad & Co Wallpaper Myfair - Orange,0,https://inspiry.co.nz/wp-content/uploads/2021/06/ENG-6380.png
421330,ENG-6381,Engblad & Co Wallpaper Myfair - Natural,0,https://inspiry.co.nz/wp-content/uploads/2021/06/ENG-6381.png
421331,ENG-6382,Engblad & Co Wallpaper Myfair - Brown,0,https://inspiry.co.nz/wp-content/uploads/2021/06/ENG-6382.png
421332,ENG-6386,Engblad & Co Wallpaper Nougat - Natural,0,https://inspiry.co.nz/wp-content/uploads/2021/06/ENG-6386.png
421333,ENG-6372,Engblad & Co Wallpaper Opera - Beige,0,https://inspiry.co.nz/wp-content/uploads/2021/06/ENG-6372.png
421334,ENG-6373,Engblad & Co Wallpaper Opera - Natural,0,https://inspiry.co.nz/wp-content/uploads/2021/06/ENG-6373.png
421335,ENG-6374,Engblad & Co Wallpaper Opera - Green,0,https://inspiry.co.nz/wp-content/uploads/2021/06/ENG-6374.png
421336,ENG-6365,Engblad & Co Wallpaper Pigalle - Green,0,https://inspiry.co.nz/wp-content/uploads/2021/06/ENG-6365.png
421337,ENG-6366,Engblad & Co Wallpaper Pigalle - Pink,0,https://inspiry.co.nz/wp-content/uploads/2021/06/ENG-6366.png
421338,ENG-6367,Engblad & Co Wallpaper Pigalle - Natural,0,https://inspiry.co.nz/wp-content/uploads/2021/06/ENG-6367.png
421339,ENG-6369,Engblad & Co Wallpaper Riviera - Natural,0,https://inspiry.co.nz/wp-content/uploads/2021/06/ENG-6369.png
421340,ENG-6370,Engblad & Co Wallpaper Riviera - Pink,0,https://inspiry.co.nz/wp-content/uploads/2021/06/ENG-6370.png
421341,ENG-6371,Engblad & Co Wallpaper Riviera - Turquoise,0,https://inspiry.co.nz/wp-content/uploads/2021/06/ENG-6371.png
421342,ENG-6353,Engblad & Co Wallpaper Royal - Blue,0,https://inspiry.co.nz/wp-content/uploads/2021/06/ENG-6353.png
421343,ENG-6354,Engblad & Co Wallpaper Royal- Turquoise,0,https://inspiry.co.nz/wp-content/uploads/2021/06/ENG-6354.png
421344,ENG-6355,Engblad & Co Wallpaper Royal - Grey,0,https://inspiry.co.nz/wp-content/uploads/2021/06/ENG-6355.png
421345,ENG-6356,Engblad & Co Wallpaper Royal - Orange,0,https://inspiry.co.nz/wp-content/uploads/2021/06/ENG-6356.png
421346,ENG-6357,Engblad & Co Wallpaper Royal - Natural,0,https://inspiry.co.nz/wp-content/uploads/2021/06/ENG-6357.png
421347,ENG-6387,Engblad & Co Wallpaper Shangri-La - Pink,0,https://inspiry.co.nz/wp-content/uploads/2021/06/ENG-6387.png
421348,ENG-6388,Engblad & Co Wallpaper Shangri-La -Blue,0,https://inspiry.co.nz/wp-content/uploads/2021/06/ENG-6388.png
421349,ENG-6383,Engblad & Co Wallpaper Waldorf - Natural,0,https://inspiry.co.nz/wp-content/uploads/2021/06/ENG-6383.png
421350,ENG-6384,Engblad & Co Wallpaper Waldorf - Grey,0,https://inspiry.co.nz/wp-content/uploads/2021/06/ENG-6384.png
421351,ENG-6385,Engblad & Co Wallpaper Waldorf - Orange,0,https://inspiry.co.nz/wp-content/uploads/2021/06/ENG-6385.png
421352,ENG-6358,Engblad & Co Wallpaper Whistler - Natural,0,https://inspiry.co.nz/wp-content/uploads/2021/06/ENG-6358.png
421353,ENG-6359,Engblad & Co Wallpaper Whistler - Grey,0,https://inspiry.co.nz/wp-content/uploads/2021/06/ENG-6359.png
421354,ENG-6360,Engblad & Co Wallpaper Whistler - Orange,0,https://inspiry.co.nz/wp-content/uploads/2021/06/ENG-6360.png
