SKU,Images
SAL-EURFERGRE,https://inspiry.co.nz/wp-content/uploads/2021/Salamander/SAL-EURFERGRE.jpg|https://inspiry.co.nz/wp-content/uploads/2021/Salamander/SAL-EURFERGRE-1.jpg|https://inspiry.co.nz/wp-content/uploads/2021/Salamander/SAL-EURFERGRE-2.jpg|https://inspiry.co.nz/wp-content/uploads/2021/Salamander/SAL-EURFERGRE-3.jpg|https://inspiry.co.nz/wp-content/uploads/2021/Salamander/SAL-EURFERGRE-4.jpg|https://inspiry.co.nz/wp-content/uploads/2021/Salamander/SAL-EURFERGRE-5.jpg|https://inspiry.co.nz/wp-content/uploads/2021/Salamander/SAL-EURFERGRE-6.jpg|https://inspiry.co.nz/wp-content/uploads/2021/Salamander/SAL-EURFERGRE-7.jpg|https://inspiry.co.nz/wp-content/uploads/2021/Salamander/SAL-EURFERGRE-8.jpg|https://inspiry.co.nz/wp-content/uploads/2021/Salamander/SAL-EURFERGRE-9.jpg|https://inspiry.co.nz/wp-content/uploads/2021/Salamander/SAL-EURFERGRE-10.jpg
SAL-EURFERBLK,https://inspiry.co.nz/wp-content/uploads/2021/Salamander/SAL-EURFERBLK.jpg|https://inspiry.co.nz/wp-content/uploads/2021/Salamander/SAL-EURFERBLK-1.jpg|https://inspiry.co.nz/wp-content/uploads/2021/Salamander/SAL-EURFERBLK-2.jpg|https://inspiry.co.nz/wp-content/uploads/2021/Salamander/SAL-EURFERBLK-3.jpg|https://inspiry.co.nz/wp-content/uploads/2021/Salamander/SAL-EURFERBLK-4.jpg|https://inspiry.co.nz/wp-content/uploads/2021/Salamander/SAL-EURFERBLK-5.jpg|https://inspiry.co.nz/wp-content/uploads/2021/Salamander/SAL-EURFERBLK-6.jpg|https://inspiry.co.nz/wp-content/uploads/2021/Salamander/SAL-EURFERBLK-7.jpg|https://inspiry.co.nz/wp-content/uploads/2021/Salamander/SAL-EURFERBLK-8.jpg|https://inspiry.co.nz/wp-content/uploads/2021/Salamander/SAL-EURFERBLK-9.jpg|https://inspiry.co.nz/wp-content/uploads/2021/Salamander/SAL-EURFERBLK-10.jpg
SAL-EURFERDBRN,https://inspiry.co.nz/wp-content/uploads/2021/Salamander/SAL-EURFERDBRN.jpg|https://inspiry.co.nz/wp-content/uploads/2021/Salamander/SAL-EURFERDBRN-1.jpg|https://inspiry.co.nz/wp-content/uploads/2021/Salamander/SAL-EURFERDBRN-2.jpg|https://inspiry.co.nz/wp-content/uploads/2021/Salamander/SAL-EURFERDBRN-3.jpg|https://inspiry.co.nz/wp-content/uploads/2021/Salamander/SAL-EURFERDBRN-4.jpg|https://inspiry.co.nz/wp-content/uploads/2021/Salamander/SAL-EURFERDBRN-5.jpg|https://inspiry.co.nz/wp-content/uploads/2021/Salamander/SAL-EURFERDBRN-6.jpg|https://inspiry.co.nz/wp-content/uploads/2021/Salamander/SAL-EURFERDBRN-7.jpg|https://inspiry.co.nz/wp-content/uploads/2021/Salamander/SAL-EURFERDBRN-8.jpg|https://inspiry.co.nz/wp-content/uploads/2021/Salamander/SAL-EURFERDBRN-9.jpg|https://inspiry.co.nz/wp-content/uploads/2021/Salamander/SAL-EURFERDBRN-10.jpg
SAL-EURFERCOG,https://inspiry.co.nz/wp-content/uploads/2021/Salamander/SAL-EURFERCOG.jpg|https://inspiry.co.nz/wp-content/uploads/2021/Salamander/SAL-EURFERCOG-1.jpg|https://inspiry.co.nz/wp-content/uploads/2021/Salamander/SAL-EURFERCOG-2.jpg|https://inspiry.co.nz/wp-content/uploads/2021/Salamander/SAL-EURFERCOG-3.jpg|https://inspiry.co.nz/wp-content/uploads/2021/Salamander/SAL-EURFERCOG-4.jpg|https://inspiry.co.nz/wp-content/uploads/2021/Salamander/SAL-EURFERCOG-5.jpg|https://inspiry.co.nz/wp-content/uploads/2021/Salamander/SAL-EURFERCOG-6.jpg|https://inspiry.co.nz/wp-content/uploads/2021/Salamander/SAL-EURFERCOG-7.jpg|https://inspiry.co.nz/wp-content/uploads/2021/Salamander/SAL-EURFERCOG-8.jpg|https://inspiry.co.nz/wp-content/uploads/2021/Salamander/SAL-EURFERCOG-9.jpg|https://inspiry.co.nz/wp-content/uploads/2021/Salamander/SAL-EURFERCOG-10.jpg
SAL-CSRAGB41,https://inspiry.co.nz/wp-content/uploads/2021/Salamander/SAL-CSRAGB41.jpg|https://inspiry.co.nz/wp-content/uploads/2021/Salamander/SAL-CSRAGB41-1.jpg|https://inspiry.co.nz/wp-content/uploads/2021/Salamander/SAL-CSRAGB41-2.jpg|https://inspiry.co.nz/wp-content/uploads/2021/Salamander/SAL-CSRAGB41-3.jpg|https://inspiry.co.nz/wp-content/uploads/2021/Salamander/SAL-CSRAGB41-4.jpg|https://inspiry.co.nz/wp-content/uploads/2021/Salamander/SAL-CSRAGB41-5.jpg|https://inspiry.co.nz/wp-content/uploads/2021/Salamander/SAL-CSRAGB41-6.jpg|https://inspiry.co.nz/wp-content/uploads/2021/Salamander/SAL-CSRAGB41-7.jpg|https://inspiry.co.nz/wp-content/uploads/2021/Salamander/SAL-CSRAGB41-8.jpg|https://inspiry.co.nz/wp-content/uploads/2021/Salamander/SAL-CSRAGB41-9.jpg|https://inspiry.co.nz/wp-content/uploads/2021/Salamander/SAL-CSRAGB41-10.jpg
SAL-CSRAGB51,https://inspiry.co.nz/wp-content/uploads/2021/Salamander/SAL-CSRAGB51.jpg|https://inspiry.co.nz/wp-content/uploads/2021/Salamander/SAL-CSRAGB51-1.jpg|https://inspiry.co.nz/wp-content/uploads/2021/Salamander/SAL-CSRAGB51-2.jpg|https://inspiry.co.nz/wp-content/uploads/2021/Salamander/SAL-CSRAGB51-3.jpg|https://inspiry.co.nz/wp-content/uploads/2021/Salamander/SAL-CSRAGB51-4.jpg|https://inspiry.co.nz/wp-content/uploads/2021/Salamander/SAL-CSRAGB51-5.jpg|https://inspiry.co.nz/wp-content/uploads/2021/Salamander/SAL-CSRAGB51-6.jpg|https://inspiry.co.nz/wp-content/uploads/2021/Salamander/SAL-CSRAGB51-7.jpg|https://inspiry.co.nz/wp-content/uploads/2021/Salamander/SAL-CSRAGB51-8.jpg|https://inspiry.co.nz/wp-content/uploads/2021/Salamander/SAL-CSRAGB51-9.jpg|https://inspiry.co.nz/wp-content/uploads/2021/Salamander/SAL-CSRAGB51-10.jpg
SAL-CSRAGB61,https://inspiry.co.nz/wp-content/uploads/2021/Salamander/SAL-CSRAGB61.jpg|https://inspiry.co.nz/wp-content/uploads/2021/Salamander/SAL-CSRAGB61-1.jpg|https://inspiry.co.nz/wp-content/uploads/2021/Salamander/SAL-CSRAGB61-2.jpg|https://inspiry.co.nz/wp-content/uploads/2021/Salamander/SAL-CSRAGB61-3.jpg|https://inspiry.co.nz/wp-content/uploads/2021/Salamander/SAL-CSRAGB61-4.jpg|https://inspiry.co.nz/wp-content/uploads/2021/Salamander/SAL-CSRAGB61-5.jpg|https://inspiry.co.nz/wp-content/uploads/2021/Salamander/SAL-CSRAGB61-6.jpg|https://inspiry.co.nz/wp-content/uploads/2021/Salamander/SAL-CSRAGB61-7.jpg|https://inspiry.co.nz/wp-content/uploads/2021/Salamander/SAL-CSRAGB61-8.jpg|https://inspiry.co.nz/wp-content/uploads/2021/Salamander/SAL-CSRAGB61-9.jpg|https://inspiry.co.nz/wp-content/uploads/2021/Salamander/SAL-CSRAGB61-10.jpg
SAL-CSRAGB01,https://inspiry.co.nz/wp-content/uploads/2021/Salamander/SAL-CSRAGB01.jpg|https://inspiry.co.nz/wp-content/uploads/2021/Salamander/SAL-CSRAGB01-1.jpg|https://inspiry.co.nz/wp-content/uploads/2021/Salamander/SAL-CSRAGB01-2.jpg|https://inspiry.co.nz/wp-content/uploads/2021/Salamander/SAL-CSRAGB01-3.jpg|https://inspiry.co.nz/wp-content/uploads/2021/Salamander/SAL-CSRAGB01-4.jpg|https://inspiry.co.nz/wp-content/uploads/2021/Salamander/SAL-CSRAGB01-5.jpg|https://inspiry.co.nz/wp-content/uploads/2021/Salamander/SAL-CSRAGB01-6.jpg|https://inspiry.co.nz/wp-content/uploads/2021/Salamander/SAL-CSRAGB01-7.jpg|https://inspiry.co.nz/wp-content/uploads/2021/Salamander/SAL-CSRAGB01-8.jpg|https://inspiry.co.nz/wp-content/uploads/2021/Salamander/SAL-CSRAGB01-9.jpg|https://inspiry.co.nz/wp-content/uploads/2021/Salamander/SAL-CSRAGB01-10.jpg
SAL-CSRAGB01HB,https://inspiry.co.nz/wp-content/uploads/2021/Salamander/SAL-CSRAGB01HB.jpg|https://inspiry.co.nz/wp-content/uploads/2021/Salamander/SAL-CSRAGB01HB-1.jpg|https://inspiry.co.nz/wp-content/uploads/2021/Salamander/SAL-CSRAGB01HB-2.jpg|https://inspiry.co.nz/wp-content/uploads/2021/Salamander/SAL-CSRAGB01HB-3.jpg|https://inspiry.co.nz/wp-content/uploads/2021/Salamander/SAL-CSRAGB01HB-4.jpg|https://inspiry.co.nz/wp-content/uploads/2021/Salamander/SAL-CSRAGB01HB-5.jpg|https://inspiry.co.nz/wp-content/uploads/2021/Salamander/SAL-CSRAGB01HB-6.jpg|https://inspiry.co.nz/wp-content/uploads/2021/Salamander/SAL-CSRAGB01HB-7.jpg|https://inspiry.co.nz/wp-content/uploads/2021/Salamander/SAL-CSRAGB01HB-8.jpg|https://inspiry.co.nz/wp-content/uploads/2021/Salamander/SAL-CSRAGB01HB-9.jpg|https://inspiry.co.nz/wp-content/uploads/2021/Salamander/SAL-CSRAGB01HB-10.jpg
SAL-CSRAGB02HB,https://inspiry.co.nz/wp-content/uploads/2021/Salamander/SAL-CSRAGB02HB.jpg|https://inspiry.co.nz/wp-content/uploads/2021/Salamander/SAL-CSRAGB02HB-1.jpg|https://inspiry.co.nz/wp-content/uploads/2021/Salamander/SAL-CSRAGB02HB-2.jpg|https://inspiry.co.nz/wp-content/uploads/2021/Salamander/SAL-CSRAGB02HB-3.jpg|https://inspiry.co.nz/wp-content/uploads/2021/Salamander/SAL-CSRAGB02HB-4.jpg|https://inspiry.co.nz/wp-content/uploads/2021/Salamander/SAL-CSRAGB02HB-5.jpg|https://inspiry.co.nz/wp-content/uploads/2021/Salamander/SAL-CSRAGB02HB-6.jpg|https://inspiry.co.nz/wp-content/uploads/2021/Salamander/SAL-CSRAGB02HB-7.jpg|https://inspiry.co.nz/wp-content/uploads/2021/Salamander/SAL-CSRAGB02HB-8.jpg|https://inspiry.co.nz/wp-content/uploads/2021/Salamander/SAL-CSRAGB02HB-9.jpg|https://inspiry.co.nz/wp-content/uploads/2021/Salamander/SAL-CSRAGB02HB-10.jpg
SAL-CSRAGB71,https://inspiry.co.nz/wp-content/uploads/2021/Salamander/SAL-CSRAGB71.jpg|https://inspiry.co.nz/wp-content/uploads/2021/Salamander/SAL-CSRAGB71-1.jpg|https://inspiry.co.nz/wp-content/uploads/2021/Salamander/SAL-CSRAGB71-2.jpg|https://inspiry.co.nz/wp-content/uploads/2021/Salamander/SAL-CSRAGB71-3.jpg|https://inspiry.co.nz/wp-content/uploads/2021/Salamander/SAL-CSRAGB71-4.jpg|https://inspiry.co.nz/wp-content/uploads/2021/Salamander/SAL-CSRAGB71-5.jpg|https://inspiry.co.nz/wp-content/uploads/2021/Salamander/SAL-CSRAGB71-6.jpg|https://inspiry.co.nz/wp-content/uploads/2021/Salamander/SAL-CSRAGB71-7.jpg|https://inspiry.co.nz/wp-content/uploads/2021/Salamander/SAL-CSRAGB71-8.jpg|https://inspiry.co.nz/wp-content/uploads/2021/Salamander/SAL-CSRAGB71-9.jpg|https://inspiry.co.nz/wp-content/uploads/2021/Salamander/SAL-CSRAGB71-10.jpg
SAL-PLKARTV,https://inspiry.co.nz/wp-content/uploads/2021/Salamander/SAL-PLKARTV.jpg|https://inspiry.co.nz/wp-content/uploads/2021/Salamander/SAL-PLKARTV-1.jpg|https://inspiry.co.nz/wp-content/uploads/2021/Salamander/SAL-PLKARTV-2.jpg|https://inspiry.co.nz/wp-content/uploads/2021/Salamander/SAL-PLKARTV-3.jpg|https://inspiry.co.nz/wp-content/uploads/2021/Salamander/SAL-PLKARTV-4.jpg|https://inspiry.co.nz/wp-content/uploads/2021/Salamander/SAL-PLKARTV-5.jpg|https://inspiry.co.nz/wp-content/uploads/2021/Salamander/SAL-PLKARTV-6.jpg|https://inspiry.co.nz/wp-content/uploads/2021/Salamander/SAL-PLKARTV-7.jpg|https://inspiry.co.nz/wp-content/uploads/2021/Salamander/SAL-PLKARTV-8.jpg|https://inspiry.co.nz/wp-content/uploads/2021/Salamander/SAL-PLKARTV-9.jpg|https://inspiry.co.nz/wp-content/uploads/2021/Salamander/SAL-PLKARTV-10.jpg
SAL-PLKARSIDE,https://inspiry.co.nz/wp-content/uploads/2021/Salamander/SAL-PLKARSIDE.jpg|https://inspiry.co.nz/wp-content/uploads/2021/Salamander/SAL-PLKARSIDE-1.jpg|https://inspiry.co.nz/wp-content/uploads/2021/Salamander/SAL-PLKARSIDE-2.jpg|https://inspiry.co.nz/wp-content/uploads/2021/Salamander/SAL-PLKARSIDE-3.jpg|https://inspiry.co.nz/wp-content/uploads/2021/Salamander/SAL-PLKARSIDE-4.jpg|https://inspiry.co.nz/wp-content/uploads/2021/Salamander/SAL-PLKARSIDE-5.jpg|https://inspiry.co.nz/wp-content/uploads/2021/Salamander/SAL-PLKARSIDE-6.jpg|https://inspiry.co.nz/wp-content/uploads/2021/Salamander/SAL-PLKARSIDE-7.jpg|https://inspiry.co.nz/wp-content/uploads/2021/Salamander/SAL-PLKARSIDE-8.jpg|https://inspiry.co.nz/wp-content/uploads/2021/Salamander/SAL-PLKARSIDE-9.jpg|https://inspiry.co.nz/wp-content/uploads/2021/Salamander/SAL-PLKARSIDE-10.jpg
SAL-CSOHBS2,https://inspiry.co.nz/wp-content/uploads/2021/Salamander/SAL-CSOHBS2.jpg|https://inspiry.co.nz/wp-content/uploads/2021/Salamander/SAL-CSOHBS2-1.jpg|https://inspiry.co.nz/wp-content/uploads/2021/Salamander/SAL-CSOHBS2-2.jpg|https://inspiry.co.nz/wp-content/uploads/2021/Salamander/SAL-CSOHBS2-3.jpg|https://inspiry.co.nz/wp-content/uploads/2021/Salamander/SAL-CSOHBS2-4.jpg|https://inspiry.co.nz/wp-content/uploads/2021/Salamander/SAL-CSOHBS2-5.jpg|https://inspiry.co.nz/wp-content/uploads/2021/Salamander/SAL-CSOHBS2-6.jpg|https://inspiry.co.nz/wp-content/uploads/2021/Salamander/SAL-CSOHBS2-7.jpg|https://inspiry.co.nz/wp-content/uploads/2021/Salamander/SAL-CSOHBS2-8.jpg|https://inspiry.co.nz/wp-content/uploads/2021/Salamander/SAL-CSOHBS2-9.jpg|https://inspiry.co.nz/wp-content/uploads/2021/Salamander/SAL-CSOHBS2-10.jpg
SAL-CSOHCH5,https://inspiry.co.nz/wp-content/uploads/2021/Salamander/SAL-CSOHCH5.jpg|https://inspiry.co.nz/wp-content/uploads/2021/Salamander/SAL-CSOHCH5-1.jpg|https://inspiry.co.nz/wp-content/uploads/2021/Salamander/SAL-CSOHCH5-2.jpg|https://inspiry.co.nz/wp-content/uploads/2021/Salamander/SAL-CSOHCH5-3.jpg|https://inspiry.co.nz/wp-content/uploads/2021/Salamander/SAL-CSOHCH5-4.jpg|https://inspiry.co.nz/wp-content/uploads/2021/Salamander/SAL-CSOHCH5-5.jpg|https://inspiry.co.nz/wp-content/uploads/2021/Salamander/SAL-CSOHCH5-6.jpg|https://inspiry.co.nz/wp-content/uploads/2021/Salamander/SAL-CSOHCH5-7.jpg|https://inspiry.co.nz/wp-content/uploads/2021/Salamander/SAL-CSOHCH5-8.jpg|https://inspiry.co.nz/wp-content/uploads/2021/Salamander/SAL-CSOHCH5-9.jpg|https://inspiry.co.nz/wp-content/uploads/2021/Salamander/SAL-CSOHCH5-10.jpg
SAL-CSOHCH6,https://inspiry.co.nz/wp-content/uploads/2021/Salamander/SAL-CSOHCH6.jpg|https://inspiry.co.nz/wp-content/uploads/2021/Salamander/SAL-CSOHCH6-1.jpg|https://inspiry.co.nz/wp-content/uploads/2021/Salamander/SAL-CSOHCH6-2.jpg|https://inspiry.co.nz/wp-content/uploads/2021/Salamander/SAL-CSOHCH6-3.jpg|https://inspiry.co.nz/wp-content/uploads/2021/Salamander/SAL-CSOHCH6-4.jpg|https://inspiry.co.nz/wp-content/uploads/2021/Salamander/SAL-CSOHCH6-5.jpg|https://inspiry.co.nz/wp-content/uploads/2021/Salamander/SAL-CSOHCH6-6.jpg|https://inspiry.co.nz/wp-content/uploads/2021/Salamander/SAL-CSOHCH6-7.jpg|https://inspiry.co.nz/wp-content/uploads/2021/Salamander/SAL-CSOHCH6-8.jpg|https://inspiry.co.nz/wp-content/uploads/2021/Salamander/SAL-CSOHCH6-9.jpg|https://inspiry.co.nz/wp-content/uploads/2021/Salamander/SAL-CSOHCH6-10.jpg
SAL-CSOHBQ,https://inspiry.co.nz/wp-content/uploads/2021/Salamander/SAL-CSOHBQ.jpg|https://inspiry.co.nz/wp-content/uploads/2021/Salamander/SAL-CSOHBQ-1.jpg|https://inspiry.co.nz/wp-content/uploads/2021/Salamander/SAL-CSOHBQ-2.jpg|https://inspiry.co.nz/wp-content/uploads/2021/Salamander/SAL-CSOHBQ-3.jpg|https://inspiry.co.nz/wp-content/uploads/2021/Salamander/SAL-CSOHBQ-4.jpg|https://inspiry.co.nz/wp-content/uploads/2021/Salamander/SAL-CSOHBQ-5.jpg|https://inspiry.co.nz/wp-content/uploads/2021/Salamander/SAL-CSOHBQ-6.jpg|https://inspiry.co.nz/wp-content/uploads/2021/Salamander/SAL-CSOHBQ-7.jpg|https://inspiry.co.nz/wp-content/uploads/2021/Salamander/SAL-CSOHBQ-8.jpg|https://inspiry.co.nz/wp-content/uploads/2021/Salamander/SAL-CSOHBQ-9.jpg|https://inspiry.co.nz/wp-content/uploads/2021/Salamander/SAL-CSOHBQ-10.jpg
SAL-CSOHBK,https://inspiry.co.nz/wp-content/uploads/2021/Salamander/SAL-CSOHBK.jpg|https://inspiry.co.nz/wp-content/uploads/2021/Salamander/SAL-CSOHBK-1.jpg|https://inspiry.co.nz/wp-content/uploads/2021/Salamander/SAL-CSOHBK-2.jpg|https://inspiry.co.nz/wp-content/uploads/2021/Salamander/SAL-CSOHBK-3.jpg|https://inspiry.co.nz/wp-content/uploads/2021/Salamander/SAL-CSOHBK-4.jpg|https://inspiry.co.nz/wp-content/uploads/2021/Salamander/SAL-CSOHBK-5.jpg|https://inspiry.co.nz/wp-content/uploads/2021/Salamander/SAL-CSOHBK-6.jpg|https://inspiry.co.nz/wp-content/uploads/2021/Salamander/SAL-CSOHBK-7.jpg|https://inspiry.co.nz/wp-content/uploads/2021/Salamander/SAL-CSOHBK-8.jpg|https://inspiry.co.nz/wp-content/uploads/2021/Salamander/SAL-CSOHBK-9.jpg|https://inspiry.co.nz/wp-content/uploads/2021/Salamander/SAL-CSOHBK-10.jpg
SAL-CSOHCOF,https://inspiry.co.nz/wp-content/uploads/2021/Salamander/SAL-CSOHCOF.jpg|https://inspiry.co.nz/wp-content/uploads/2021/Salamander/SAL-CSOHCOF-1.jpg|https://inspiry.co.nz/wp-content/uploads/2021/Salamander/SAL-CSOHCOF-2.jpg|https://inspiry.co.nz/wp-content/uploads/2021/Salamander/SAL-CSOHCOF-3.jpg|https://inspiry.co.nz/wp-content/uploads/2021/Salamander/SAL-CSOHCOF-4.jpg|https://inspiry.co.nz/wp-content/uploads/2021/Salamander/SAL-CSOHCOF-5.jpg|https://inspiry.co.nz/wp-content/uploads/2021/Salamander/SAL-CSOHCOF-6.jpg|https://inspiry.co.nz/wp-content/uploads/2021/Salamander/SAL-CSOHCOF-7.jpg|https://inspiry.co.nz/wp-content/uploads/2021/Salamander/SAL-CSOHCOF-8.jpg|https://inspiry.co.nz/wp-content/uploads/2021/Salamander/SAL-CSOHCOF-9.jpg|https://inspiry.co.nz/wp-content/uploads/2021/Salamander/SAL-CSOHCOF-10.jpg
SAL-CSOHTV16,https://inspiry.co.nz/wp-content/uploads/2021/Salamander/SAL-CSOHTV16.jpg|https://inspiry.co.nz/wp-content/uploads/2021/Salamander/SAL-CSOHTV16-1.jpg|https://inspiry.co.nz/wp-content/uploads/2021/Salamander/SAL-CSOHTV16-2.jpg|https://inspiry.co.nz/wp-content/uploads/2021/Salamander/SAL-CSOHTV16-3.jpg|https://inspiry.co.nz/wp-content/uploads/2021/Salamander/SAL-CSOHTV16-4.jpg|https://inspiry.co.nz/wp-content/uploads/2021/Salamander/SAL-CSOHTV16-5.jpg|https://inspiry.co.nz/wp-content/uploads/2021/Salamander/SAL-CSOHTV16-6.jpg|https://inspiry.co.nz/wp-content/uploads/2021/Salamander/SAL-CSOHTV16-7.jpg|https://inspiry.co.nz/wp-content/uploads/2021/Salamander/SAL-CSOHTV16-8.jpg|https://inspiry.co.nz/wp-content/uploads/2021/Salamander/SAL-CSOHTV16-9.jpg|https://inspiry.co.nz/wp-content/uploads/2021/Salamander/SAL-CSOHTV16-10.jpg
SAL-CSOHCON,https://inspiry.co.nz/wp-content/uploads/2021/Salamander/SAL-CSOHCON.jpg|https://inspiry.co.nz/wp-content/uploads/2021/Salamander/SAL-CSOHCON-1.jpg|https://inspiry.co.nz/wp-content/uploads/2021/Salamander/SAL-CSOHCON-2.jpg|https://inspiry.co.nz/wp-content/uploads/2021/Salamander/SAL-CSOHCON-3.jpg|https://inspiry.co.nz/wp-content/uploads/2021/Salamander/SAL-CSOHCON-4.jpg|https://inspiry.co.nz/wp-content/uploads/2021/Salamander/SAL-CSOHCON-5.jpg|https://inspiry.co.nz/wp-content/uploads/2021/Salamander/SAL-CSOHCON-6.jpg|https://inspiry.co.nz/wp-content/uploads/2021/Salamander/SAL-CSOHCON-7.jpg|https://inspiry.co.nz/wp-content/uploads/2021/Salamander/SAL-CSOHCON-8.jpg|https://inspiry.co.nz/wp-content/uploads/2021/Salamander/SAL-CSOHCON-9.jpg|https://inspiry.co.nz/wp-content/uploads/2021/Salamander/SAL-CSOHCON-10.jpg
SAL-CSOHSB,https://inspiry.co.nz/wp-content/uploads/2021/Salamander/SAL-CSOHSB.jpg|https://inspiry.co.nz/wp-content/uploads/2021/Salamander/SAL-CSOHSB-1.jpg|https://inspiry.co.nz/wp-content/uploads/2021/Salamander/SAL-CSOHSB-2.jpg|https://inspiry.co.nz/wp-content/uploads/2021/Salamander/SAL-CSOHSB-3.jpg|https://inspiry.co.nz/wp-content/uploads/2021/Salamander/SAL-CSOHSB-4.jpg|https://inspiry.co.nz/wp-content/uploads/2021/Salamander/SAL-CSOHSB-5.jpg|https://inspiry.co.nz/wp-content/uploads/2021/Salamander/SAL-CSOHSB-6.jpg|https://inspiry.co.nz/wp-content/uploads/2021/Salamander/SAL-CSOHSB-7.jpg|https://inspiry.co.nz/wp-content/uploads/2021/Salamander/SAL-CSOHSB-8.jpg|https://inspiry.co.nz/wp-content/uploads/2021/Salamander/SAL-CSOHSB-9.jpg|https://inspiry.co.nz/wp-content/uploads/2021/Salamander/SAL-CSOHSB-10.jpg
SAL-CSOHTAB18,https://inspiry.co.nz/wp-content/uploads/2021/Salamander/SAL-CSOHTAB18.jpg|https://inspiry.co.nz/wp-content/uploads/2021/Salamander/SAL-CSOHTAB18-1.jpg|https://inspiry.co.nz/wp-content/uploads/2021/Salamander/SAL-CSOHTAB18-2.jpg|https://inspiry.co.nz/wp-content/uploads/2021/Salamander/SAL-CSOHTAB18-3.jpg|https://inspiry.co.nz/wp-content/uploads/2021/Salamander/SAL-CSOHTAB18-4.jpg|https://inspiry.co.nz/wp-content/uploads/2021/Salamander/SAL-CSOHTAB18-5.jpg|https://inspiry.co.nz/wp-content/uploads/2021/Salamander/SAL-CSOHTAB18-6.jpg|https://inspiry.co.nz/wp-content/uploads/2021/Salamander/SAL-CSOHTAB18-7.jpg|https://inspiry.co.nz/wp-content/uploads/2021/Salamander/SAL-CSOHTAB18-8.jpg|https://inspiry.co.nz/wp-content/uploads/2021/Salamander/SAL-CSOHTAB18-9.jpg|https://inspiry.co.nz/wp-content/uploads/2021/Salamander/SAL-CSOHTAB18-10.jpg
SAL-CSOHTAB21,https://inspiry.co.nz/wp-content/uploads/2021/Salamander/SAL-CSOHTAB21.jpg|https://inspiry.co.nz/wp-content/uploads/2021/Salamander/SAL-CSOHTAB21-1.jpg|https://inspiry.co.nz/wp-content/uploads/2021/Salamander/SAL-CSOHTAB21-2.jpg|https://inspiry.co.nz/wp-content/uploads/2021/Salamander/SAL-CSOHTAB21-3.jpg|https://inspiry.co.nz/wp-content/uploads/2021/Salamander/SAL-CSOHTAB21-4.jpg|https://inspiry.co.nz/wp-content/uploads/2021/Salamander/SAL-CSOHTAB21-5.jpg|https://inspiry.co.nz/wp-content/uploads/2021/Salamander/SAL-CSOHTAB21-6.jpg|https://inspiry.co.nz/wp-content/uploads/2021/Salamander/SAL-CSOHTAB21-7.jpg|https://inspiry.co.nz/wp-content/uploads/2021/Salamander/SAL-CSOHTAB21-8.jpg|https://inspiry.co.nz/wp-content/uploads/2021/Salamander/SAL-CSOHTAB21-9.jpg|https://inspiry.co.nz/wp-content/uploads/2021/Salamander/SAL-CSOHTAB21-10.jpg
SAL-CSOHTABB15,https://inspiry.co.nz/wp-content/uploads/2021/Salamander/SAL-CSOHTABB15.jpg|https://inspiry.co.nz/wp-content/uploads/2021/Salamander/SAL-CSOHTABB15-1.jpg|https://inspiry.co.nz/wp-content/uploads/2021/Salamander/SAL-CSOHTABB15-2.jpg|https://inspiry.co.nz/wp-content/uploads/2021/Salamander/SAL-CSOHTABB15-3.jpg|https://inspiry.co.nz/wp-content/uploads/2021/Salamander/SAL-CSOHTABB15-4.jpg|https://inspiry.co.nz/wp-content/uploads/2021/Salamander/SAL-CSOHTABB15-5.jpg|https://inspiry.co.nz/wp-content/uploads/2021/Salamander/SAL-CSOHTABB15-6.jpg|https://inspiry.co.nz/wp-content/uploads/2021/Salamander/SAL-CSOHTABB15-7.jpg|https://inspiry.co.nz/wp-content/uploads/2021/Salamander/SAL-CSOHTABB15-8.jpg|https://inspiry.co.nz/wp-content/uploads/2021/Salamander/SAL-CSOHTABB15-9.jpg|https://inspiry.co.nz/wp-content/uploads/2021/Salamander/SAL-CSOHTABB15-10.jpg
SAL-CSOHTABB18,https://inspiry.co.nz/wp-content/uploads/2021/Salamander/SAL-CSOHTABB18.jpg|https://inspiry.co.nz/wp-content/uploads/2021/Salamander/SAL-CSOHTABB18-1.jpg|https://inspiry.co.nz/wp-content/uploads/2021/Salamander/SAL-CSOHTABB18-2.jpg|https://inspiry.co.nz/wp-content/uploads/2021/Salamander/SAL-CSOHTABB18-3.jpg|https://inspiry.co.nz/wp-content/uploads/2021/Salamander/SAL-CSOHTABB18-4.jpg|https://inspiry.co.nz/wp-content/uploads/2021/Salamander/SAL-CSOHTABB18-5.jpg|https://inspiry.co.nz/wp-content/uploads/2021/Salamander/SAL-CSOHTABB18-6.jpg|https://inspiry.co.nz/wp-content/uploads/2021/Salamander/SAL-CSOHTABB18-7.jpg|https://inspiry.co.nz/wp-content/uploads/2021/Salamander/SAL-CSOHTABB18-8.jpg|https://inspiry.co.nz/wp-content/uploads/2021/Salamander/SAL-CSOHTABB18-9.jpg|https://inspiry.co.nz/wp-content/uploads/2021/Salamander/SAL-CSOHTABB18-10.jpg
SAL-PLAPCTBO,https://inspiry.co.nz/wp-content/uploads/2021/Salamander/SAL-PLAPCTBO.jpg|https://inspiry.co.nz/wp-content/uploads/2021/Salamander/SAL-PLAPCTBO-1.jpg|https://inspiry.co.nz/wp-content/uploads/2021/Salamander/SAL-PLAPCTBO-2.jpg|https://inspiry.co.nz/wp-content/uploads/2021/Salamander/SAL-PLAPCTBO-3.jpg|https://inspiry.co.nz/wp-content/uploads/2021/Salamander/SAL-PLAPCTBO-4.jpg|https://inspiry.co.nz/wp-content/uploads/2021/Salamander/SAL-PLAPCTBO-5.jpg|https://inspiry.co.nz/wp-content/uploads/2021/Salamander/SAL-PLAPCTBO-6.jpg|https://inspiry.co.nz/wp-content/uploads/2021/Salamander/SAL-PLAPCTBO-7.jpg|https://inspiry.co.nz/wp-content/uploads/2021/Salamander/SAL-PLAPCTBO-8.jpg|https://inspiry.co.nz/wp-content/uploads/2021/Salamander/SAL-PLAPCTBO-9.jpg|https://inspiry.co.nz/wp-content/uploads/2021/Salamander/SAL-PLAPCTBO-10.jpg
SAL-PLAPCTNO,https://inspiry.co.nz/wp-content/uploads/2021/Salamander/SAL-PLAPCTNO.jpg|https://inspiry.co.nz/wp-content/uploads/2021/Salamander/SAL-PLAPCTNO-1.jpg|https://inspiry.co.nz/wp-content/uploads/2021/Salamander/SAL-PLAPCTNO-2.jpg|https://inspiry.co.nz/wp-content/uploads/2021/Salamander/SAL-PLAPCTNO-3.jpg|https://inspiry.co.nz/wp-content/uploads/2021/Salamander/SAL-PLAPCTNO-4.jpg|https://inspiry.co.nz/wp-content/uploads/2021/Salamander/SAL-PLAPCTNO-5.jpg|https://inspiry.co.nz/wp-content/uploads/2021/Salamander/SAL-PLAPCTNO-6.jpg|https://inspiry.co.nz/wp-content/uploads/2021/Salamander/SAL-PLAPCTNO-7.jpg|https://inspiry.co.nz/wp-content/uploads/2021/Salamander/SAL-PLAPCTNO-8.jpg|https://inspiry.co.nz/wp-content/uploads/2021/Salamander/SAL-PLAPCTNO-9.jpg|https://inspiry.co.nz/wp-content/uploads/2021/Salamander/SAL-PLAPCTNO-10.jpg
SAL-PLAPCOBO,https://inspiry.co.nz/wp-content/uploads/2021/Salamander/SAL-PLAPCOBO.jpg|https://inspiry.co.nz/wp-content/uploads/2021/Salamander/SAL-PLAPCOBO-1.jpg|https://inspiry.co.nz/wp-content/uploads/2021/Salamander/SAL-PLAPCOBO-2.jpg|https://inspiry.co.nz/wp-content/uploads/2021/Salamander/SAL-PLAPCOBO-3.jpg|https://inspiry.co.nz/wp-content/uploads/2021/Salamander/SAL-PLAPCOBO-4.jpg|https://inspiry.co.nz/wp-content/uploads/2021/Salamander/SAL-PLAPCOBO-5.jpg|https://inspiry.co.nz/wp-content/uploads/2021/Salamander/SAL-PLAPCOBO-6.jpg|https://inspiry.co.nz/wp-content/uploads/2021/Salamander/SAL-PLAPCOBO-7.jpg|https://inspiry.co.nz/wp-content/uploads/2021/Salamander/SAL-PLAPCOBO-8.jpg|https://inspiry.co.nz/wp-content/uploads/2021/Salamander/SAL-PLAPCOBO-9.jpg|https://inspiry.co.nz/wp-content/uploads/2021/Salamander/SAL-PLAPCOBO-10.jpg
SAL-PLAPCONO,https://inspiry.co.nz/wp-content/uploads/2021/Salamander/SAL-PLAPCONO.jpg|https://inspiry.co.nz/wp-content/uploads/2021/Salamander/SAL-PLAPCONO-1.jpg|https://inspiry.co.nz/wp-content/uploads/2021/Salamander/SAL-PLAPCONO-2.jpg|https://inspiry.co.nz/wp-content/uploads/2021/Salamander/SAL-PLAPCONO-3.jpg|https://inspiry.co.nz/wp-content/uploads/2021/Salamander/SAL-PLAPCONO-4.jpg|https://inspiry.co.nz/wp-content/uploads/2021/Salamander/SAL-PLAPCONO-5.jpg|https://inspiry.co.nz/wp-content/uploads/2021/Salamander/SAL-PLAPCONO-6.jpg|https://inspiry.co.nz/wp-content/uploads/2021/Salamander/SAL-PLAPCONO-7.jpg|https://inspiry.co.nz/wp-content/uploads/2021/Salamander/SAL-PLAPCONO-8.jpg|https://inspiry.co.nz/wp-content/uploads/2021/Salamander/SAL-PLAPCONO-9.jpg|https://inspiry.co.nz/wp-content/uploads/2021/Salamander/SAL-PLAPCONO-10.jpg
SAL-PLAPDISBO,https://inspiry.co.nz/wp-content/uploads/2021/Salamander/SAL-PLAPDISBO.jpg|https://inspiry.co.nz/wp-content/uploads/2021/Salamander/SAL-PLAPDISBO-1.jpg|https://inspiry.co.nz/wp-content/uploads/2021/Salamander/SAL-PLAPDISBO-2.jpg|https://inspiry.co.nz/wp-content/uploads/2021/Salamander/SAL-PLAPDISBO-3.jpg|https://inspiry.co.nz/wp-content/uploads/2021/Salamander/SAL-PLAPDISBO-4.jpg|https://inspiry.co.nz/wp-content/uploads/2021/Salamander/SAL-PLAPDISBO-5.jpg|https://inspiry.co.nz/wp-content/uploads/2021/Salamander/SAL-PLAPDISBO-6.jpg|https://inspiry.co.nz/wp-content/uploads/2021/Salamander/SAL-PLAPDISBO-7.jpg|https://inspiry.co.nz/wp-content/uploads/2021/Salamander/SAL-PLAPDISBO-8.jpg|https://inspiry.co.nz/wp-content/uploads/2021/Salamander/SAL-PLAPDISBO-9.jpg|https://inspiry.co.nz/wp-content/uploads/2021/Salamander/SAL-PLAPDISBO-10.jpg
SAL-PLAPDISNO,https://inspiry.co.nz/wp-content/uploads/2021/Salamander/SAL-PLAPDISNO.jpg|https://inspiry.co.nz/wp-content/uploads/2021/Salamander/SAL-PLAPDISNO-1.jpg|https://inspiry.co.nz/wp-content/uploads/2021/Salamander/SAL-PLAPDISNO-2.jpg|https://inspiry.co.nz/wp-content/uploads/2021/Salamander/SAL-PLAPDISNO-3.jpg|https://inspiry.co.nz/wp-content/uploads/2021/Salamander/SAL-PLAPDISNO-4.jpg|https://inspiry.co.nz/wp-content/uploads/2021/Salamander/SAL-PLAPDISNO-5.jpg|https://inspiry.co.nz/wp-content/uploads/2021/Salamander/SAL-PLAPDISNO-6.jpg|https://inspiry.co.nz/wp-content/uploads/2021/Salamander/SAL-PLAPDISNO-7.jpg|https://inspiry.co.nz/wp-content/uploads/2021/Salamander/SAL-PLAPDISNO-8.jpg|https://inspiry.co.nz/wp-content/uploads/2021/Salamander/SAL-PLAPDISNO-9.jpg|https://inspiry.co.nz/wp-content/uploads/2021/Salamander/SAL-PLAPDISNO-10.jpg
SAL-PLAPETBO,https://inspiry.co.nz/wp-content/uploads/2021/Salamander/SAL-PLAPETBO.jpg|https://inspiry.co.nz/wp-content/uploads/2021/Salamander/SAL-PLAPETBO-1.jpg|https://inspiry.co.nz/wp-content/uploads/2021/Salamander/SAL-PLAPETBO-2.jpg|https://inspiry.co.nz/wp-content/uploads/2021/Salamander/SAL-PLAPETBO-3.jpg|https://inspiry.co.nz/wp-content/uploads/2021/Salamander/SAL-PLAPETBO-4.jpg|https://inspiry.co.nz/wp-content/uploads/2021/Salamander/SAL-PLAPETBO-5.jpg|https://inspiry.co.nz/wp-content/uploads/2021/Salamander/SAL-PLAPETBO-6.jpg|https://inspiry.co.nz/wp-content/uploads/2021/Salamander/SAL-PLAPETBO-7.jpg|https://inspiry.co.nz/wp-content/uploads/2021/Salamander/SAL-PLAPETBO-8.jpg|https://inspiry.co.nz/wp-content/uploads/2021/Salamander/SAL-PLAPETBO-9.jpg|https://inspiry.co.nz/wp-content/uploads/2021/Salamander/SAL-PLAPETBO-10.jpg
SAL-PLAPETNO,https://inspiry.co.nz/wp-content/uploads/2021/Salamander/SAL-PLAPETNO.jpg|https://inspiry.co.nz/wp-content/uploads/2021/Salamander/SAL-PLAPETNO-1.jpg|https://inspiry.co.nz/wp-content/uploads/2021/Salamander/SAL-PLAPETNO-2.jpg|https://inspiry.co.nz/wp-content/uploads/2021/Salamander/SAL-PLAPETNO-3.jpg|https://inspiry.co.nz/wp-content/uploads/2021/Salamander/SAL-PLAPETNO-4.jpg|https://inspiry.co.nz/wp-content/uploads/2021/Salamander/SAL-PLAPETNO-5.jpg|https://inspiry.co.nz/wp-content/uploads/2021/Salamander/SAL-PLAPETNO-6.jpg|https://inspiry.co.nz/wp-content/uploads/2021/Salamander/SAL-PLAPETNO-7.jpg|https://inspiry.co.nz/wp-content/uploads/2021/Salamander/SAL-PLAPETNO-8.jpg|https://inspiry.co.nz/wp-content/uploads/2021/Salamander/SAL-PLAPETNO-9.jpg|https://inspiry.co.nz/wp-content/uploads/2021/Salamander/SAL-PLAPETNO-10.jpg
SAL-BRMOTAB12O,https://inspiry.co.nz/wp-content/uploads/2021/Salamander/SAL-BRMOTAB12O.jpg|https://inspiry.co.nz/wp-content/uploads/2021/Salamander/SAL-BRMOTAB12O-1.jpg|https://inspiry.co.nz/wp-content/uploads/2021/Salamander/SAL-BRMOTAB12O-2.jpg|https://inspiry.co.nz/wp-content/uploads/2021/Salamander/SAL-BRMOTAB12O-3.jpg|https://inspiry.co.nz/wp-content/uploads/2021/Salamander/SAL-BRMOTAB12O-4.jpg|https://inspiry.co.nz/wp-content/uploads/2021/Salamander/SAL-BRMOTAB12O-5.jpg|https://inspiry.co.nz/wp-content/uploads/2021/Salamander/SAL-BRMOTAB12O-6.jpg|https://inspiry.co.nz/wp-content/uploads/2021/Salamander/SAL-BRMOTAB12O-7.jpg|https://inspiry.co.nz/wp-content/uploads/2021/Salamander/SAL-BRMOTAB12O-8.jpg|https://inspiry.co.nz/wp-content/uploads/2021/Salamander/SAL-BRMOTAB12O-9.jpg|https://inspiry.co.nz/wp-content/uploads/2021/Salamander/SAL-BRMOTAB12O-10.jpg
SAL-BRAVASOT,https://inspiry.co.nz/wp-content/uploads/2021/Salamander/SAL-BRAVASOT.jpg|https://inspiry.co.nz/wp-content/uploads/2021/Salamander/SAL-BRAVASOT-1.jpg|https://inspiry.co.nz/wp-content/uploads/2021/Salamander/SAL-BRAVASOT-2.jpg|https://inspiry.co.nz/wp-content/uploads/2021/Salamander/SAL-BRAVASOT-3.jpg|https://inspiry.co.nz/wp-content/uploads/2021/Salamander/SAL-BRAVASOT-4.jpg|https://inspiry.co.nz/wp-content/uploads/2021/Salamander/SAL-BRAVASOT-5.jpg|https://inspiry.co.nz/wp-content/uploads/2021/Salamander/SAL-BRAVASOT-6.jpg|https://inspiry.co.nz/wp-content/uploads/2021/Salamander/SAL-BRAVASOT-7.jpg|https://inspiry.co.nz/wp-content/uploads/2021/Salamander/SAL-BRAVASOT-8.jpg|https://inspiry.co.nz/wp-content/uploads/2021/Salamander/SAL-BRAVASOT-9.jpg|https://inspiry.co.nz/wp-content/uploads/2021/Salamander/SAL-BRAVASOT-10.jpg
SAL-BRAVASOO,https://inspiry.co.nz/wp-content/uploads/2021/Salamander/SAL-BRAVASOO.jpg|https://inspiry.co.nz/wp-content/uploads/2021/Salamander/SAL-BRAVASOO-1.jpg|https://inspiry.co.nz/wp-content/uploads/2021/Salamander/SAL-BRAVASOO-2.jpg|https://inspiry.co.nz/wp-content/uploads/2021/Salamander/SAL-BRAVASOO-3.jpg|https://inspiry.co.nz/wp-content/uploads/2021/Salamander/SAL-BRAVASOO-4.jpg|https://inspiry.co.nz/wp-content/uploads/2021/Salamander/SAL-BRAVASOO-5.jpg|https://inspiry.co.nz/wp-content/uploads/2021/Salamander/SAL-BRAVASOO-6.jpg|https://inspiry.co.nz/wp-content/uploads/2021/Salamander/SAL-BRAVASOO-7.jpg|https://inspiry.co.nz/wp-content/uploads/2021/Salamander/SAL-BRAVASOO-8.jpg|https://inspiry.co.nz/wp-content/uploads/2021/Salamander/SAL-BRAVASOO-9.jpg|https://inspiry.co.nz/wp-content/uploads/2021/Salamander/SAL-BRAVASOO-10.jpg
SAL-BRAVASOM,https://inspiry.co.nz/wp-content/uploads/2021/Salamander/SAL-BRAVASOM.jpg|https://inspiry.co.nz/wp-content/uploads/2021/Salamander/SAL-BRAVASOM-1.jpg|https://inspiry.co.nz/wp-content/uploads/2021/Salamander/SAL-BRAVASOM-2.jpg|https://inspiry.co.nz/wp-content/uploads/2021/Salamander/SAL-BRAVASOM-3.jpg|https://inspiry.co.nz/wp-content/uploads/2021/Salamander/SAL-BRAVASOM-4.jpg|https://inspiry.co.nz/wp-content/uploads/2021/Salamander/SAL-BRAVASOM-5.jpg|https://inspiry.co.nz/wp-content/uploads/2021/Salamander/SAL-BRAVASOM-6.jpg|https://inspiry.co.nz/wp-content/uploads/2021/Salamander/SAL-BRAVASOM-7.jpg|https://inspiry.co.nz/wp-content/uploads/2021/Salamander/SAL-BRAVASOM-8.jpg|https://inspiry.co.nz/wp-content/uploads/2021/Salamander/SAL-BRAVASOM-9.jpg|https://inspiry.co.nz/wp-content/uploads/2021/Salamander/SAL-BRAVASOM-10.jpg
SAL-OHSIDE,https://inspiry.co.nz/wp-content/uploads/2021/Salamander/SAL-OHSIDE.jpg|https://inspiry.co.nz/wp-content/uploads/2021/Salamander/SAL-OHSIDE-1.jpg|https://inspiry.co.nz/wp-content/uploads/2021/Salamander/SAL-OHSIDE-2.jpg|https://inspiry.co.nz/wp-content/uploads/2021/Salamander/SAL-OHSIDE-3.jpg|https://inspiry.co.nz/wp-content/uploads/2021/Salamander/SAL-OHSIDE-4.jpg|https://inspiry.co.nz/wp-content/uploads/2021/Salamander/SAL-OHSIDE-5.jpg|https://inspiry.co.nz/wp-content/uploads/2021/Salamander/SAL-OHSIDE-6.jpg|https://inspiry.co.nz/wp-content/uploads/2021/Salamander/SAL-OHSIDE-7.jpg|https://inspiry.co.nz/wp-content/uploads/2021/Salamander/SAL-OHSIDE-8.jpg|https://inspiry.co.nz/wp-content/uploads/2021/Salamander/SAL-OHSIDE-9.jpg|https://inspiry.co.nz/wp-content/uploads/2021/Salamander/SAL-OHSIDE-10.jpg
SAL-OHTV,https://inspiry.co.nz/wp-content/uploads/2021/Salamander/SAL-OHTV.jpg|https://inspiry.co.nz/wp-content/uploads/2021/Salamander/SAL-OHTV-1.jpg|https://inspiry.co.nz/wp-content/uploads/2021/Salamander/SAL-OHTV-2.jpg|https://inspiry.co.nz/wp-content/uploads/2021/Salamander/SAL-OHTV-3.jpg|https://inspiry.co.nz/wp-content/uploads/2021/Salamander/SAL-OHTV-4.jpg|https://inspiry.co.nz/wp-content/uploads/2021/Salamander/SAL-OHTV-5.jpg|https://inspiry.co.nz/wp-content/uploads/2021/Salamander/SAL-OHTV-6.jpg|https://inspiry.co.nz/wp-content/uploads/2021/Salamander/SAL-OHTV-7.jpg|https://inspiry.co.nz/wp-content/uploads/2021/Salamander/SAL-OHTV-8.jpg|https://inspiry.co.nz/wp-content/uploads/2021/Salamander/SAL-OHTV-9.jpg|https://inspiry.co.nz/wp-content/uploads/2021/Salamander/SAL-OHTV-10.jpg
SAL-OHOTTAB16,https://inspiry.co.nz/wp-content/uploads/2021/Salamander/SAL-OHOTTAB16.jpg|https://inspiry.co.nz/wp-content/uploads/2021/Salamander/SAL-OHOTTAB16-1.jpg|https://inspiry.co.nz/wp-content/uploads/2021/Salamander/SAL-OHOTTAB16-2.jpg|https://inspiry.co.nz/wp-content/uploads/2021/Salamander/SAL-OHOTTAB16-3.jpg|https://inspiry.co.nz/wp-content/uploads/2021/Salamander/SAL-OHOTTAB16-4.jpg|https://inspiry.co.nz/wp-content/uploads/2021/Salamander/SAL-OHOTTAB16-5.jpg|https://inspiry.co.nz/wp-content/uploads/2021/Salamander/SAL-OHOTTAB16-6.jpg|https://inspiry.co.nz/wp-content/uploads/2021/Salamander/SAL-OHOTTAB16-7.jpg|https://inspiry.co.nz/wp-content/uploads/2021/Salamander/SAL-OHOTTAB16-8.jpg|https://inspiry.co.nz/wp-content/uploads/2021/Salamander/SAL-OHOTTAB16-9.jpg|https://inspiry.co.nz/wp-content/uploads/2021/Salamander/SAL-OHOTTAB16-10.jpg
SAL-OHOTTAB20,https://inspiry.co.nz/wp-content/uploads/2021/Salamander/SAL-OHOTTAB20.jpg|https://inspiry.co.nz/wp-content/uploads/2021/Salamander/SAL-OHOTTAB20-1.jpg|https://inspiry.co.nz/wp-content/uploads/2021/Salamander/SAL-OHOTTAB20-2.jpg|https://inspiry.co.nz/wp-content/uploads/2021/Salamander/SAL-OHOTTAB20-3.jpg|https://inspiry.co.nz/wp-content/uploads/2021/Salamander/SAL-OHOTTAB20-4.jpg|https://inspiry.co.nz/wp-content/uploads/2021/Salamander/SAL-OHOTTAB20-5.jpg|https://inspiry.co.nz/wp-content/uploads/2021/Salamander/SAL-OHOTTAB20-6.jpg|https://inspiry.co.nz/wp-content/uploads/2021/Salamander/SAL-OHOTTAB20-7.jpg|https://inspiry.co.nz/wp-content/uploads/2021/Salamander/SAL-OHOTTAB20-8.jpg|https://inspiry.co.nz/wp-content/uploads/2021/Salamander/SAL-OHOTTAB20-9.jpg|https://inspiry.co.nz/wp-content/uploads/2021/Salamander/SAL-OHOTTAB20-10.jpg
SAL-OHOTTAB21,https://inspiry.co.nz/wp-content/uploads/2021/Salamander/SAL-OHOTTAB21.jpg|https://inspiry.co.nz/wp-content/uploads/2021/Salamander/SAL-OHOTTAB21-1.jpg|https://inspiry.co.nz/wp-content/uploads/2021/Salamander/SAL-OHOTTAB21-2.jpg|https://inspiry.co.nz/wp-content/uploads/2021/Salamander/SAL-OHOTTAB21-3.jpg|https://inspiry.co.nz/wp-content/uploads/2021/Salamander/SAL-OHOTTAB21-4.jpg|https://inspiry.co.nz/wp-content/uploads/2021/Salamander/SAL-OHOTTAB21-5.jpg|https://inspiry.co.nz/wp-content/uploads/2021/Salamander/SAL-OHOTTAB21-6.jpg|https://inspiry.co.nz/wp-content/uploads/2021/Salamander/SAL-OHOTTAB21-7.jpg|https://inspiry.co.nz/wp-content/uploads/2021/Salamander/SAL-OHOTTAB21-8.jpg|https://inspiry.co.nz/wp-content/uploads/2021/Salamander/SAL-OHOTTAB21-9.jpg|https://inspiry.co.nz/wp-content/uploads/2021/Salamander/SAL-OHOTTAB21-10.jpg
SAL-OHOSTAB18,https://inspiry.co.nz/wp-content/uploads/2021/Salamander/SAL-OHOSTAB18.jpg|https://inspiry.co.nz/wp-content/uploads/2021/Salamander/SAL-OHOSTAB18-1.jpg|https://inspiry.co.nz/wp-content/uploads/2021/Salamander/SAL-OHOSTAB18-2.jpg|https://inspiry.co.nz/wp-content/uploads/2021/Salamander/SAL-OHOSTAB18-3.jpg|https://inspiry.co.nz/wp-content/uploads/2021/Salamander/SAL-OHOSTAB18-4.jpg|https://inspiry.co.nz/wp-content/uploads/2021/Salamander/SAL-OHOSTAB18-5.jpg|https://inspiry.co.nz/wp-content/uploads/2021/Salamander/SAL-OHOSTAB18-6.jpg|https://inspiry.co.nz/wp-content/uploads/2021/Salamander/SAL-OHOSTAB18-7.jpg|https://inspiry.co.nz/wp-content/uploads/2021/Salamander/SAL-OHOSTAB18-8.jpg|https://inspiry.co.nz/wp-content/uploads/2021/Salamander/SAL-OHOSTAB18-9.jpg|https://inspiry.co.nz/wp-content/uploads/2021/Salamander/SAL-OHOSTAB18-10.jpg
SAL-OHOSTAB20,https://inspiry.co.nz/wp-content/uploads/2021/Salamander/SAL-OHOSTAB20.jpg|https://inspiry.co.nz/wp-content/uploads/2021/Salamander/SAL-OHOSTAB20-1.jpg|https://inspiry.co.nz/wp-content/uploads/2021/Salamander/SAL-OHOSTAB20-2.jpg|https://inspiry.co.nz/wp-content/uploads/2021/Salamander/SAL-OHOSTAB20-3.jpg|https://inspiry.co.nz/wp-content/uploads/2021/Salamander/SAL-OHOSTAB20-4.jpg|https://inspiry.co.nz/wp-content/uploads/2021/Salamander/SAL-OHOSTAB20-5.jpg|https://inspiry.co.nz/wp-content/uploads/2021/Salamander/SAL-OHOSTAB20-6.jpg|https://inspiry.co.nz/wp-content/uploads/2021/Salamander/SAL-OHOSTAB20-7.jpg|https://inspiry.co.nz/wp-content/uploads/2021/Salamander/SAL-OHOSTAB20-8.jpg|https://inspiry.co.nz/wp-content/uploads/2021/Salamander/SAL-OHOSTAB20-9.jpg|https://inspiry.co.nz/wp-content/uploads/2021/Salamander/SAL-OHOSTAB20-10.jpg
SAL-OHCH30LG,https://inspiry.co.nz/wp-content/uploads/2021/Salamander/SAL-OHCH30LG.jpg|https://inspiry.co.nz/wp-content/uploads/2021/Salamander/SAL-OHCH30LG-1.jpg|https://inspiry.co.nz/wp-content/uploads/2021/Salamander/SAL-OHCH30LG-2.jpg|https://inspiry.co.nz/wp-content/uploads/2021/Salamander/SAL-OHCH30LG-3.jpg|https://inspiry.co.nz/wp-content/uploads/2021/Salamander/SAL-OHCH30LG-4.jpg|https://inspiry.co.nz/wp-content/uploads/2021/Salamander/SAL-OHCH30LG-5.jpg|https://inspiry.co.nz/wp-content/uploads/2021/Salamander/SAL-OHCH30LG-6.jpg|https://inspiry.co.nz/wp-content/uploads/2021/Salamander/SAL-OHCH30LG-7.jpg|https://inspiry.co.nz/wp-content/uploads/2021/Salamander/SAL-OHCH30LG-8.jpg|https://inspiry.co.nz/wp-content/uploads/2021/Salamander/SAL-OHCH30LG-9.jpg|https://inspiry.co.nz/wp-content/uploads/2021/Salamander/SAL-OHCH30LG-10.jpg
SAL-OHCH30DG,https://inspiry.co.nz/wp-content/uploads/2021/Salamander/SAL-OHCH30DG.jpg|https://inspiry.co.nz/wp-content/uploads/2021/Salamander/SAL-OHCH30DG-1.jpg|https://inspiry.co.nz/wp-content/uploads/2021/Salamander/SAL-OHCH30DG-2.jpg|https://inspiry.co.nz/wp-content/uploads/2021/Salamander/SAL-OHCH30DG-3.jpg|https://inspiry.co.nz/wp-content/uploads/2021/Salamander/SAL-OHCH30DG-4.jpg|https://inspiry.co.nz/wp-content/uploads/2021/Salamander/SAL-OHCH30DG-5.jpg|https://inspiry.co.nz/wp-content/uploads/2021/Salamander/SAL-OHCH30DG-6.jpg|https://inspiry.co.nz/wp-content/uploads/2021/Salamander/SAL-OHCH30DG-7.jpg|https://inspiry.co.nz/wp-content/uploads/2021/Salamander/SAL-OHCH30DG-8.jpg|https://inspiry.co.nz/wp-content/uploads/2021/Salamander/SAL-OHCH30DG-9.jpg|https://inspiry.co.nz/wp-content/uploads/2021/Salamander/SAL-OHCH30DG-10.jpg
SAL-RUTUWB,https://inspiry.co.nz/wp-content/uploads/2021/Salamander/SAL-RUTUWB.jpg|https://inspiry.co.nz/wp-content/uploads/2021/Salamander/SAL-RUTUWB-1.jpg|https://inspiry.co.nz/wp-content/uploads/2021/Salamander/SAL-RUTUWB-2.jpg|https://inspiry.co.nz/wp-content/uploads/2021/Salamander/SAL-RUTUWB-3.jpg|https://inspiry.co.nz/wp-content/uploads/2021/Salamander/SAL-RUTUWB-4.jpg|https://inspiry.co.nz/wp-content/uploads/2021/Salamander/SAL-RUTUWB-5.jpg|https://inspiry.co.nz/wp-content/uploads/2021/Salamander/SAL-RUTUWB-6.jpg|https://inspiry.co.nz/wp-content/uploads/2021/Salamander/SAL-RUTUWB-7.jpg|https://inspiry.co.nz/wp-content/uploads/2021/Salamander/SAL-RUTUWB-8.jpg|https://inspiry.co.nz/wp-content/uploads/2021/Salamander/SAL-RUTUWB-9.jpg|https://inspiry.co.nz/wp-content/uploads/2021/Salamander/SAL-RUTUWB-10.jpg
SAL-RUKAIBLK,https://inspiry.co.nz/wp-content/uploads/2021/Salamander/SAL-RUKAIBLK.jpg|https://inspiry.co.nz/wp-content/uploads/2021/Salamander/SAL-RUKAIBLK-1.jpg|https://inspiry.co.nz/wp-content/uploads/2021/Salamander/SAL-RUKAIBLK-2.jpg|https://inspiry.co.nz/wp-content/uploads/2021/Salamander/SAL-RUKAIBLK-3.jpg|https://inspiry.co.nz/wp-content/uploads/2021/Salamander/SAL-RUKAIBLK-4.jpg|https://inspiry.co.nz/wp-content/uploads/2021/Salamander/SAL-RUKAIBLK-5.jpg|https://inspiry.co.nz/wp-content/uploads/2021/Salamander/SAL-RUKAIBLK-6.jpg|https://inspiry.co.nz/wp-content/uploads/2021/Salamander/SAL-RUKAIBLK-7.jpg|https://inspiry.co.nz/wp-content/uploads/2021/Salamander/SAL-RUKAIBLK-8.jpg|https://inspiry.co.nz/wp-content/uploads/2021/Salamander/SAL-RUKAIBLK-9.jpg|https://inspiry.co.nz/wp-content/uploads/2021/Salamander/SAL-RUKAIBLK-10.jpg
SAL-RUKAIWAL,https://inspiry.co.nz/wp-content/uploads/2021/Salamander/SAL-RUKAIWAL.jpg|https://inspiry.co.nz/wp-content/uploads/2021/Salamander/SAL-RUKAIWAL-1.jpg|https://inspiry.co.nz/wp-content/uploads/2021/Salamander/SAL-RUKAIWAL-2.jpg|https://inspiry.co.nz/wp-content/uploads/2021/Salamander/SAL-RUKAIWAL-3.jpg|https://inspiry.co.nz/wp-content/uploads/2021/Salamander/SAL-RUKAIWAL-4.jpg|https://inspiry.co.nz/wp-content/uploads/2021/Salamander/SAL-RUKAIWAL-5.jpg|https://inspiry.co.nz/wp-content/uploads/2021/Salamander/SAL-RUKAIWAL-6.jpg|https://inspiry.co.nz/wp-content/uploads/2021/Salamander/SAL-RUKAIWAL-7.jpg|https://inspiry.co.nz/wp-content/uploads/2021/Salamander/SAL-RUKAIWAL-8.jpg|https://inspiry.co.nz/wp-content/uploads/2021/Salamander/SAL-RUKAIWAL-9.jpg|https://inspiry.co.nz/wp-content/uploads/2021/Salamander/SAL-RUKAIWAL-10.jpg
SAL-RUKAINAT,https://inspiry.co.nz/wp-content/uploads/2021/Salamander/SAL-RUKAINAT.jpg|https://inspiry.co.nz/wp-content/uploads/2021/Salamander/SAL-RUKAINAT-1.jpg|https://inspiry.co.nz/wp-content/uploads/2021/Salamander/SAL-RUKAINAT-2.jpg|https://inspiry.co.nz/wp-content/uploads/2021/Salamander/SAL-RUKAINAT-3.jpg|https://inspiry.co.nz/wp-content/uploads/2021/Salamander/SAL-RUKAINAT-4.jpg|https://inspiry.co.nz/wp-content/uploads/2021/Salamander/SAL-RUKAINAT-5.jpg|https://inspiry.co.nz/wp-content/uploads/2021/Salamander/SAL-RUKAINAT-6.jpg|https://inspiry.co.nz/wp-content/uploads/2021/Salamander/SAL-RUKAINAT-7.jpg|https://inspiry.co.nz/wp-content/uploads/2021/Salamander/SAL-RUKAINAT-8.jpg|https://inspiry.co.nz/wp-content/uploads/2021/Salamander/SAL-RUKAINAT-9.jpg|https://inspiry.co.nz/wp-content/uploads/2021/Salamander/SAL-RUKAINAT-10.jpg
SAL-PLQINWAG,https://inspiry.co.nz/wp-content/uploads/2021/Salamander/SAL-PLQINWAG.jpg|https://inspiry.co.nz/wp-content/uploads/2021/Salamander/SAL-PLQINWAG-1.jpg|https://inspiry.co.nz/wp-content/uploads/2021/Salamander/SAL-PLQINWAG-2.jpg|https://inspiry.co.nz/wp-content/uploads/2021/Salamander/SAL-PLQINWAG-3.jpg|https://inspiry.co.nz/wp-content/uploads/2021/Salamander/SAL-PLQINWAG-4.jpg|https://inspiry.co.nz/wp-content/uploads/2021/Salamander/SAL-PLQINWAG-5.jpg|https://inspiry.co.nz/wp-content/uploads/2021/Salamander/SAL-PLQINWAG-6.jpg|https://inspiry.co.nz/wp-content/uploads/2021/Salamander/SAL-PLQINWAG-7.jpg|https://inspiry.co.nz/wp-content/uploads/2021/Salamander/SAL-PLQINWAG-8.jpg|https://inspiry.co.nz/wp-content/uploads/2021/Salamander/SAL-PLQINWAG-9.jpg|https://inspiry.co.nz/wp-content/uploads/2021/Salamander/SAL-PLQINWAG-10.jpg
SAL-INTEROSLOCHT,https://inspiry.co.nz/wp-content/uploads/2021/Salamander/SAL-INTEROSLOCHT.jpg|https://inspiry.co.nz/wp-content/uploads/2021/Salamander/SAL-INTEROSLOCHT-1.jpg|https://inspiry.co.nz/wp-content/uploads/2021/Salamander/SAL-INTEROSLOCHT-2.jpg|https://inspiry.co.nz/wp-content/uploads/2021/Salamander/SAL-INTEROSLOCHT-3.jpg|https://inspiry.co.nz/wp-content/uploads/2021/Salamander/SAL-INTEROSLOCHT-4.jpg|https://inspiry.co.nz/wp-content/uploads/2021/Salamander/SAL-INTEROSLOCHT-5.jpg|https://inspiry.co.nz/wp-content/uploads/2021/Salamander/SAL-INTEROSLOCHT-6.jpg|https://inspiry.co.nz/wp-content/uploads/2021/Salamander/SAL-INTEROSLOCHT-7.jpg|https://inspiry.co.nz/wp-content/uploads/2021/Salamander/SAL-INTEROSLOCHT-8.jpg|https://inspiry.co.nz/wp-content/uploads/2021/Salamander/SAL-INTEROSLOCHT-9.jpg|https://inspiry.co.nz/wp-content/uploads/2021/Salamander/SAL-INTEROSLOCHT-10.jpg
